Window_Size,Sample_Count_Mio,Frequency,5%%-Quantile,95%%-Quantile,First_Lower_Outlier,First_Upper_Outlier
10,22,0,0.871,1.586,0.622,1.808
10,22,1,0.55824,1.05937,0.37922,1.22067
10,22,2,0.04823,0.3623,,0.46601
10,22,3,0.11226,0.58577,,0.74408
10,22,4,0.04866,0.35763,,0.45965
10,22,5,0.025,0.593,,0.781
