Window_Size,Sample_Count_Mio,Frequency,5%%-Quantile,95%%-Quantile,First_Lower_Outlier,First_Upper_Outlier
10,187,0,0.844,1.576,0.589,1.807
10,187,1,0.54312,1.0551,0.35548,1.22321
10,187,2,0.0482,0.36524,,0.47029
10,187,3,0.1085,0.58613,,0.74538
10,187,4,0.04832,0.35894,,0.46145
10,187,5,0.025,0.59,,0.773
